Workbook

Sheet Start Here
A1: Sideline Ready - 365-Day Product & Pin Plan
A2: One anchor product per day, Dec 1 2026 - Nov 30 2027. Each day = 1 blog post (story or how-to) + its pins + a 5-7 item Amazon bundle of $100 or more.
A4: How each day works
A5: 1. Mom searches Pinterest using the exact phrase in 'Pinterest search phrase'.
A6: 2. She sees the pin (title, description and alt text are drafted in this sheet) and clicks through to the blog post.
A7: 3. The post tells the story / solves the problem, then ends with a call to action: the full bundle with an 'add all to cart' button.
A8: 4. Anything she adds to her Amazon cart within 24 hours of clicking counts for you, and stays credited for 89 days if she checks out later.
A10: Product rules (checked Oct 30, 2026)
A11: Under $100: 1,000+ bought last month on Amazon and 4.2+ stars. $100 and up: 100+ bought last month and 4.3+ stars. No sponsored listings.
A12: Search phrases are real Pinterest search suggestions pulled Oct 30, 2026 - the words moms actually type.
A13: Each month before I write that month's posts, I re-check prices, stars and sales, swap anything that dropped, and finalize the bundle.
A15: Drafts vs. final
... A23: Links use your tracking ID screenfreet0f-20. Send a Sideline Ready tracking ID anytime and I'll swap them all.

Sheet 365-Day Plan
A1: Day | B1: Date | C1: Month | D1: Season | E1: Anchor product | F1: Price | G1: Stars | H1: Ratings | I1: Bought last month | J1: Pinterest search phrase | K1: Phrase 2 | L1: Phrase 3 | M1: Pinterest board | N1: Pin title (draft) | O1: Pin description (draft) | P1: Alt text (draft) | Q1: Blog post title (draft) | R1: Post URL slug | S1: Bundle add-ons | T1: Items in cart | U1: Cart total | V1: ASIN | W1: Anchor affiliate link | X1: Add-all-to-cart link | Y1: Source
A2: 1 | B2: 2026-12-01 | C2: Dec 2026 | D2: Winter | E2: Spalding Momentous Portable Basketball Hoop | F2: 622.99 | G2: 4.5 | H2: 103 | I2: 200+ | J2: backyard basketball court ideas | K2: backyard basketball hoop | L2: christmas basketball gifts | M2: Backyard Sports Training Equipment | N2: Backyard Basketball Court Ideas: Spalding Momentous Portable + 4 More | O2: Backyard basketball court ideas: start with the Spalding Momentous Portable, the practice gear that gets real reps in at home between practices. This 5-item home practice setup adds Tachikara Portable Ball Cart, SKLZ D-Man Defensive Mannequin, GHB Pro Agility Ladder 20 ft and more, all on Amazon. Also for anyone searching backyard basketball hoop or christmas basketball gifts. As an Amazon Associate I earn from qualifying purchases. | P2: Pin graphic for backyard basketball court ideas: the Spalding Momentous Portable shown with Tachikara Portable Ball Cart, SKLZ D-Man Defensive Mannequin, GHB Pro Agility Ladder 20 ft, a 5-item home practice setup from Sideline Ready. | Q2: Backyard Basketball Court Ideas: The 5-Item Home Practice Setup Built Around the Spalding Momentous Portable | R2: backyard-basketball-court-ideas-spalding-momentous-portable | S2: Tachikara Portable Ball Cart ($135.99) | SKLZ D-Man Defensive Mannequin ($104.99) | GHB Pro Agility Ladder 20 ft ($8.99) | Wilson NCAA Final Four Basketball ($25.94) | T2: 5 | U2: 898.9 | V2: B0BYFBT9LK | W2: https://www.amazon.com/dp/B0BYFBT9LK?tag=screenfreet0f-20 | X2: https://www.amazon.com/gp/aws/cart/add.html?AssociateTag=screenfreet0f-20&ASIN.1=B0BYFBT9LK&Quantity.1=1&ASIN.2=B00099YJJK&Quantity.2=1&ASIN.3=B003D6FGB6&Quantity.3=1&ASIN.4=B01GPBXP86&Quantity.4=1&ASIN.5=B0009KF59M&Quantity.5=1 | Y2: New (365 build)
A3: 2 | B3: 2026-12-02 | C3: Dec 2026 | D3: Winter | E3: Canon EOS Rebel T7 Double Zoom Lens Kit | F3: 619 | G3: 4.7 | H3: 3.2K | I3: 1K+ | J3: sports photography | K3: sports camera lens | L3: christmas gifts for sports mom | M3: Sports Mom Gifts & Gift Baskets | N3: Sports Photography: Canon EOS Rebel T7 Double Zoom Lens + 4 More | O3: Sports photography: start with the Canon EOS Rebel T7 Double Zoom Lens, a gift young athletes can use all season. This 5-item gift bundle adds AKASO Brave 4 Action Camera, DJI Osmo Action 5 Pro, Sportneer Stadium Seat and more, all on Amazon. Also for anyone searching sports camera lens or christmas gifts for sports mom. As an Amazon Associate I earn from qualifying purchases. | P3: Pin graphic for sports photography: the Canon EOS Rebel T7 Double Zoom Lens shown with AKASO Brave 4 Action Camera, DJI Osmo Action 5 Pro, Sportneer Stadium Seat, a 5-item gift bundle from Sideline Ready. | Q3: Sports Photography: The 5-Item Gift Bundle Built Around the Canon EOS Rebel T7 Double Zoom | R3: sports-photography-canon-eos-rebel-t7-double | S3: AKASO Brave 4 Action Camera ($89.99) | DJI Osmo Action 5 Pro ($309.00) | Sportneer Stadium Seat with Back (2.5-inch) ($132.99) | POMPONGO Rechargeable Hand Warmers ($17.98) | T3: 5 | U3: 1168.96 | V3: B0101RW3QK | W3: https://www.amazon.com/dp/B0101RW3QK?tag=screenfreet0f-20 | X3: https://www.amazon.com/gp/aws/cart/add.html?AssociateTag=screenfreet0f-20&ASIN.1=B0101RW3QK&Quantity.1=1&ASIN.2=B076DD5JNS&Quantity.2=1&ASIN.3=B0DS2DF5S5&Quantity.3=1&ASIN.4=B09JBPS59M&Quantity.4=1&ASIN.5=B0CGHP95LB&Quantity.5=1 | Y3: New (365 build)
A4: 3 | B4: 2026-12-03 | C4: Dec 2026 | D4: Winter | E4: Hair Bows for Girls (40 pc) | F4: 12.32 | G4: 4.8 | H4: 12.3K | I4: 6K+ | J4: softball bows | K4: cheer bows | L4: softball team gift ideas | M4: Coach Gifts & Team Mom Ideas | N4: Softball Bows: Hair Bows for Girls + 5 More | O4: Softball bows: start with the Hair Bows for Girls, to make team mom and coach duties easier. This 6-item team mom and coach kit adds BAND-AID Travel First Aid Kit, Jack Link's Beef Jerky, Murray Dry-Erase Coach's and more, all on Amazon. Also for anyone searching cheer bows or softball team gift ideas. As an Amazon Associate I earn from qualifying purchases. | P4: Pin graphic for softball bows: the Hair Bows for Girls shown with BAND-AID Travel First Aid Kit, Jack Link's Beef Jerky, Murray Dry-Erase Coach's, a 6-item team mom and coach kit from Sideline Ready. | Q4: Softball Bows: The 6-Item Team Mom and Coach Kit Built Around the Hair Bows for Girls | R4: softball-bows-hair-bows-for-girls | S4: BAND-AID Travel First Aid Kit ($10.98) | Jack Link's Beef Jerky Multipack (20 ct) ($19.52) | Murray Dry-Erase Coach's Clipboard ($9.99) | Honey Stinger Organic Waffles ($19.88) | Stanley Quencher H2.0 Tumbler 30 oz ($34.61) | T4: 6 | U4: 107.3 | V4: B07CSM2T43 | W4: https://www.amazon.com/dp/B07CSM2T43?tag=screenfreet0f-20 | X4: https://www.amazon.com/gp/aws/cart/add.html?AssociateTag=screenfreet0f-20&ASIN.1=B07CSM2T43&Quantity.1=1&ASIN.2=B0B41MYSGP&Quantity.2=1&ASIN.3=B07NR7694X&Quantity.3=1&ASIN.4=B072HD4KVJ&Quantity.4=1&ASIN.5=B004F1LNDI&Quantity.5=1&ASIN.6=B0CP9YB3Q4&Quantity.6=1 | Y4: Oct 30 list
A5: 4 | B5: 2026-12-04 | C5: Dec 2026 | D5: Winter | E5: Jackery Explorer 1000 v2 Power Station | F5: 559 | G5: 4.7 | H5: 3.7K | I5: 3K+ | J5: tailgate ideas | K5: tailgate setup ideas | L5: sports dad gift ideas | M5: Sports Dad Essentials & Gifts | N5: Tailgate Ideas: Jackery Explorer 1000 v2 Power Station + 4 More | O5: Tailgate ideas: start with the Jackery Explorer 1000 v2 Power Station, a sports dad pick for long game days. This 5-item sports dad setup adds Miady Slim 10000mAh Portable, TIMBER RIDGE Double Decker, Clear Drawstring Shoe Bags and more, all on Amazon. Also for anyone searching tailgate setup ideas or sports dad gift ideas. As an Amazon Associate I earn from qualifying purchases. | P5: Pin graphic for tailgate ideas: the Jackery Explorer 1000 v2 Power Station shown with Miady Slim 10000mAh Portable, TIMBER RIDGE Double Decker, Clear Drawstring Shoe Bags, a 5-item sports dad setup from Sideline Ready. | Q5: Tailgate Ideas: The 5-Item Sports Dad Setup Built Around the Jackery Explorer 1000 v2 Power | R5: tailgate-ideas-jackery-explorer-1000-v2 | S5: Miady Slim 10000mAh Portable Chargers (2 pack) ($21.99) | TIMBER RIDGE Double Decker Wagon with Brakes ($124.99) | Clear Drawstring Shoe Bags (5 pack) ($5.99) | DYSANKY 64 oz Insulated Bottle with Straw ($26.99) | T5: 5 | U5: 738.96 | V5: B0D7PPG25F | W5: https://www.amazon.com/dp/B0D7PPG25F?tag=screenfreet0f-20 | X5: https://www.amazon.com/gp/aws/cart/add.html?AssociateTag=screenfreet0f-20&ASIN.1=B0D7PPG25F&Quantity.1=1&ASIN.2=B0GQH1QHDH&Quantity.2=1&ASIN.3=B0G23XKMJL&Quantity.3=1&ASIN.4=B0C6X2VP9R&Quantity.4=1&ASIN.5=B0DLCG65B5&Quantity.5=1 | Y5: New (365 build)
A6: 5 | B6: 2026-12-05 | C6: Dec 2026 | D6: Winter | E6: BowFlex SelectTech Adjustable Dumbbells | F6: 399.99 | G6: 4.8 | H6: 334 | I6: 3K+ | J6: garage gym setup | K6: home gym for teens | L6: sports dad gift ideas | M6: Backyard Sports Training Equipment | N6: Garage Gym Setup: BowFlex SelectTech Adjustable + 4 More | O6: Garage gym setup: start with the BowFlex SelectTech Adjustable, the practice gear that gets real reps in at home between practices. This 5-item home practice setup adds Water-Resistant Shoe Bag, Kitsure 10-Tier Shoe Rack, GoSports Golf Net Elite Steel and more, all on Amazon. Also for anyone searching home gym for teens or sports dad gift ideas. As an Amazon Associate I earn from qualifying purchases. | P6: Pin graphic for garage gym setup: the BowFlex SelectTech Adjustable shown with Water-Resistant Shoe Bag, Kitsure 10-Tier Shoe Rack, GoSports Golf Net Elite Steel, a 5-item home practice setup from Sideline Ready. | Q6: Garage Gym Setup: The 5-Item Home Practice Setup Built Around the BowFlex SelectTech Adjustable | R6: garage-gym-setup-bowflex-selecttech-adjustable | S6: Water-Resistant Shoe Bag for Cleats ($12.59) | Kitsure 10-Tier Shoe Rack ($22.99) | GoSports Golf Net Elite Steel Frame ($499.99) | Originsure 300L Big-Wheel Collapsible Wagon ($119.99) | T6: 5 | U6: 1055.55 | V6: B0FRNG2N5H | W6: https://www.amazon.com/dp/B0FRNG2N5H?tag=screenfreet0f-20 | X6: https://www.amazon.com/gp/aws/cart/add.html?AssociateTag=screenfreet0f-20&ASIN.1=B0FRNG2N5H&Quantity.1=1&ASIN.2=B071RFQ5HQ&Quantity.2=1&ASIN.3=B0F2SDRZBV&Quantity.3=1&ASIN.4=B0B98NK4XQ&Quantity.4=1&ASIN.5=B0DPH1F6ZY&Quantity.5=1 | Y6: New (365 build)
A7: 6 | B7: 2026-12-06 | C7: Dec 2026 | D7: Winter | E7: Jack Link's Beef Jerky Multipack (20 ct) | F7: 19.52 | G7: 4.6 | H7: 27.6K | I7: 20K+ | J7: travel baseball snacks | K7: travel ball snacks | L7: tournament food ideas | M7: Teen Athlete Meals, Snacks & Meal Prep | N7: Travel Baseball Snacks: Jack Link's Beef Jerky Multipack + 5 More | O7: Travel baseball snacks: start with the Jack Link's Beef Jerky Multipack, to keep a hungry athlete fueled between school, practice and games. This 6-item athlete fuel kit adds Kar's Sweet 'N Salty Trail, Stainless Steel Snack, BAND-AID Travel First Aid Kit and more, all on Amazon. Also for anyone searching travel ball snacks or tournament food ideas. As an Amazon Associate I earn from qualifying purchases. | P7: Pin graphic for travel baseball snacks: the Jack Link's Beef Jerky Multipack shown with Kar's Sweet 'N Salty Trail, Stainless Steel Snack, BAND-AID Travel First Aid Kit, a 6-item athlete fuel kit from Sideline Ready. | Q7: Travel Baseball Snacks: The 6-Item Athlete Fuel Kit Built Around the Jack Link's Beef Jerky Multipack | R7: travel-baseball-snacks-jack-link-s-beef-jerky | S7: Kar's Sweet 'N Salty Trail Mix Packs ($16.99) | Stainless Steel Snack Containers (6 pack) ($14.25) | BAND-AID Travel First Aid Kit ($10.98) | Gorilla Grip Trunk Organizer ($34.99) | Big-Wheel Collapsible Wagon (420 lb) ($69.97) | T7: 6 | U7: 166.7 | V7: B07NR7694X | W7: https://www.amazon.com/dp/B07NR7694X?tag=screenfreet0f-20 | X7: https://www.amazon.com/gp/aws/cart/add.html?AssociateTag=screenfreet0f-20&ASIN.1=B07NR7694X&Quantity.1=1&ASIN.2=B083X6TSHQ&Quantity.2=1&ASIN.3=B0CJ92X9VX&Quantity.3=1&ASIN.4=B0B41MYSGP&Quantity.4=1&ASIN.5=B0C6NMWVPS&Quantity.5=1&ASIN.6=B0DJ7RPXF8&Quantity.6=1 | Y7: New (365 build)
A8: 7 | B8: 2026-12-07 | C8: Dec 2026 | D8: Winter | E8: GoSports Golf Net Elite Steel Frame | F8: 499.99 | G8: 4.5 | H8: 304 | I8: 100+ | J8: golf hitting net garage | K8: sports dad gift ideas | L8: dad christmas gifts golf | M8: Sports Dad Essentials & Gifts | N8: Golf Hitting Net Garage: GoSports Golf Net Elite Steel Frame + 4 More | O8: Golf hitting net garage: start with the GoSports Golf Net Elite Steel Frame, a sports dad pick for long game days. This 5-item sports dad setup adds FLEXIMOUNTS 4x8 Overhead, Lockable Ball Cart Garage, Fit Simplify Resistance Loop and more, all on Amazon. Also for anyone searching sports dad gift ideas or dad christmas gifts golf. As an Amazon Associate I earn from qualifying purchases. | P8: Pin graphic for golf hitting net garage: the GoSports Golf Net Elite Steel Frame shown with FLEXIMOUNTS 4x8 Overhead, Lockable Ball Cart Garage, Fit Simplify Resistance Loop, a 5-item sports dad setup from Sideline Ready. | Q8: Golf Hitting Net Garage: The 5-Item Sports Dad Setup Built Around the GoSports Golf Net Elite Steel | R8: golf-hitting-net-garage-gosports-golf-net-elite-steel | S8: FLEXIMOUNTS 4x8 Overhead Garage Storage Rack ($145.99) | Lockable Ball Cart Garage Organizer ($105.99) | Fit Simplify Resistance Loop Bands ($9.98) | Adjustable Dumbbell Set (pair) ($139.99) | T8: 5 | U8: 901.94 | V8: B0B98NK4XQ | W8: https://www.amazon.com/dp/B0B98NK4XQ?tag=screenfreet0f-20 | X8: https://www.amazon.com/gp/aws/cart/add.html?AssociateTag=screenfreet0f-20&ASIN.1=B0B98NK4XQ&Quantity.1=1&ASIN.2=B0194R5BSA&Quantity.2=1&ASIN.3=B09WKBMH67&Quantity.3=1&ASIN.4=B01AVDVHTI&Quantity.4=1&ASIN.5=B0DK3H169C&Quantity.5=1 | Y8: New (365 build)
A9: 8 | B9: 2026-12-08 | C9: Dec 2026 | D9: Winter | E9: DJI Osmo Action 5 Pro | F9: 309 | G9: 4.6 | H9: 1.9K | I9: 1K+ | J9: sports filming | K9: sports camera 4k | L9: christmas gifts for sports mom | M9: Sports Mom Gifts & Gift Baskets | N9: Sports Filming: DJI Osmo Action 5 Pro + 4 More | O9: Sports filming: start with the DJI Osmo Action 5 Pro, a gift young athletes can use all season. This 5-item gift bundle adds 75-Inch Camera & Phone Tripod, Canon EOS Rebel T7 Double, UGG Adalee Faux Fur Throw and more, all on Amazon. Also for anyone searching sports camera 4k or christmas gifts for sports mom. As an Amazon Associate I earn from qualifying purchases. | P9: Pin graphic for sports filming: the DJI Osmo Action 5 Pro shown with 75-Inch Camera & Phone Tripod, Canon EOS Rebel T7 Double, UGG Adalee Faux Fur Throw, a 5-item gift bundle from Sideline Ready. | Q9: Sports Filming: The 5-Item Gift Bundle Built Around the DJI Osmo Action 5 Pro | R9: sports-filming-dji-osmo-action-5-pro | S9: 75-Inch Camera & Phone Tripod ($29.69) | Canon EOS Rebel T7 Double Zoom Lens Kit ($619.00) | UGG Adalee Faux Fur Throw Blanket ($100.00) | Konokyo 40 oz Insulated Tumbler ($13.23) | T9: 5 | U9: 1070.92 | V9: B0DS2DF5S5 | W9: https://www.amazon.com/dp/B0DS2DF5S5?tag=screenfreet0f-20 | X9: https://www.amazon.com/gp/aws/cart/add.html?AssociateTag=screenfreet0f-20&ASIN.1=B0DS2DF5S5&Quantity.1=1&ASIN.2=B0GCJKDXL4&Quantity.2=1&ASIN.3=B0101RW3QK&Quantity.3=1&ASIN.4=B08KTS4KDT&Quantity.4=1&ASIN.5=B0CP7PPVWB&Quantity.5=1 | Y9: New (365 build)
A10: 9 | B10: 2026-12-09 | C10: Dec 2026 | D10: Winter | E10: 520-Piece Premium First Aid Kit | F10: 46.99 | G10: 4.7 | H10: 543 | I10: 2K+ | J10: team mom duties | K10: football team mom must haves | L10: softball team mom must haves | M10: Coach Gifts & Team Mom Ideas | N10: Team Mom Duties: 520-Piece Premium First Aid Kit + 5 More | O10: Team mom duties: start with the 520-Piece Premium First Aid Kit, to make team mom and coach duties easier. This 6-item team mom and coach kit adds Champion Sports Football, Chomps Beef Chomplings, Airpot Carafe with Pump and more, all on Amazon. Also for anyone searching football team mom must haves or softball team mom must haves. As an Amazon Associate I earn from qualifying purchases. | P10: Pin graphic for team mom duties: the 520-Piece Premium First Aid Kit shown with Champion Sports Football, Chomps Beef Chomplings, Airpot Carafe with Pump, a 6-item team mom and coach kit from Sideline Ready. | Q10: Team Mom Duties: The 6-Item Team Mom and Coach Kit Built Around the 520-Piece Premium First Aid Kit | R10: team-mom-duties-520-piece-premium-first-aid | S10: Champion Sports Football Kicking Tee ($6.99) | Chomps Beef Chomplings (24 ct) ($29.57) | Airpot Carafe with Pump (3 L) ($42.95) | Welch's Fruit Snacks (mixed fruit box) ($7.99) | Quest Protein Bars Variety Pack ($26.49) | T10: 6 | U10: 160.98 | V10: B0F9XD1GHY | W10: https://www.amazon.com/dp/B0F9XD1GHY?tag=screenfreet0f-20 | X10: https://www.amazon.com/gp/aws/cart/add.html?AssociateTag=screenfreet0f-20&ASIN.1=B0F9XD1GHY&Quantity.1=1&ASIN.2=B0039KM4IO&Quantity.2=1&ASIN.3=B07MTQ39GC&Quantity.3=1&ASIN.4=B01M7QKEEE&Quantity.4=1&ASIN.5=B0BWSKYV63&Quantity.5=1&ASIN.6=B07J2MM23Z&Quantity.6=1 | Y10: New (365 build)
A11: 10 | B11: 2026-12-10 | C11: Dec 2026 | D11: Winter | E11: Coleman RoadTrip 285 Portable Grill | F11: 424.99 | G11: 4.5 | H11: 6.9K | I11: 300+ | J11: tailgate ideas | K11: tailgate food ideas | L11: sports dad gift ideas | M11: Sports Dad Essentials & Gifts | N11: Tailgate Ideas: Coleman RoadTrip 285 Portable Grill + 4 More | O11: Tailgate ideas: start with the Coleman RoadTrip 285 Portable Grill, a sports dad pick for long game days. This 5-item sports dad setup adds THERMOS FUNTAINER Kids Food, Coleman Xtreme Rolling Cooler, 400L Folding Wagon and more, all on Amazon. Also for anyone searching tailgate food ideas or sports dad gift ideas. As an Amazon Associate I earn from qualifying purchases. | P11: Pin graphic for tailgate ideas: the Coleman RoadTrip 285 Portable Grill shown with THERMOS FUNTAINER Kids Food, Coleman Xtreme Rolling Cooler, 400L Folding Wagon, a 5-item sports dad setup from Sideline Ready. | Q11: Tailgate Ideas: The 5-Item Sports Dad Setup Built Around the Coleman RoadTrip 285 Portable | R11: tailgate-ideas-coleman-roadtrip-285-portable | S11: THERMOS FUNTAINER Kids Food Jar 10 oz ($18.99) | Coleman Xtreme Rolling Cooler ($74.99) | 400L Folding Wagon with Brakes & Removable Table ($119.99) | adidas Kids Cushioned Crew Socks (6 pairs) ($12.91) | T11: 5 | U11: 651.87 | V11: B07BLH19MX | W11: https://www.amazon.com/dp/B07BLH19MX?tag=screenfreet0f-20 | X11: https://www.amazon.com/gp/aws/cart/add.html?AssociateTag=screenfreet0f-20&ASIN.1=B07BLH19MX&Quantity.1=1&ASIN.2=B08NCVT244&Quantity.2=1&ASIN.3=B00AU6G4QS&Quantity.3=1&ASIN.4=B0H2GQ1QFN&Quantity.4=1&ASIN.5=B0BZQXMMBX&Quantity.5=1 | Y11: New (365 build)
A12: 11 | B12: 2026-12-11 | C12: Dec 2026 | D12: Winter | E12: QUINEAR Air Compression Recovery Boots | F12: 279.96 | G12: 4.4 | H12: 1.8K | I12: 900+ | J12: christmas gifts for teen athletes | K12: christmas gifts for college athletes | L12: athlete gifts for him | M12: Sports Mom Gifts & Gift Baskets | N12: Christmas Gifts for Teen Athletes: QUINEAR Air Compression Recovery Boots + 5 More | O12: Christmas gifts for teen athletes: start with the QUINEAR Air Compression Recovery Boots, a gift young athletes can use all season. This 6-item gift bundle adds Theragun Mini, TriggerPoint GRID Foam Roller, Amazon Basics Weighted and more, all on Amazon. Also for anyone searching christmas gifts for college athletes or athlete gifts for him. As an Amazon Associate I earn from qualifying purchases. | P12: Pin graphic for christmas gifts for teen athletes: the QUINEAR Air Compression Recovery Boots shown with Theragun Mini, TriggerPoint GRID Foam Roller, Amazon Basics Weighted, a 6-item gift bundle from Sideline Ready. | Q12: Christmas Gifts for Teen Athletes: The 6-Item Gift Bundle Built Around the QUINEAR Air Compression Recovery | R12: christmas-gifts-for-teen-athletes-quinear-air-compression | S12: Theragun Mini (3rd Gen) ($219.99) | TriggerPoint GRID Foam Roller ($28.99) | Amazon Basics Weighted Medicine Ball ($25.59) | Spalding Momentous Portable Basketball Hoop ($622.99) | Ninja Blast Portable Blender ($39.99) | T12: 6 | U12: 1217.51 | V12: B09LCTXQB3 | W12: https://www.amazon.com/dp/B09LCTXQB3?tag=screenfreet0f-20 | X12: https://www.amazon.com/gp/aws/cart/add.html?AssociateTag=screenfreet0f-20&ASIN.1=B09LCTXQB3&Quantity.1=1&ASIN.2=B0DV7JN7ZD&Quantity.2=1&ASIN.3=B0040EGNIU&Quantity.3=1&ASIN.4=B01CKHEHPO&Quantity.4=1&ASIN.5=B0BYFBT9LK&Quantity.5=1&ASIN.6=B0C2FF4JD1&Quantity.6=1 | Y12: New (365 build)
A13: 12 | B13: 2026-12-12 | C13: Dec 2026 | D13: Winter | E13: Card-Size Emergency Rain Ponchos (10 pack) | F13: 9.99 | G13: 4.6 | H13: 1.1K | I13: 10K+ | J13: sports mom bag essentials | K13: rainy soccer game essentials | L13: game day bag essentials | M13: Sports Mom Must Haves & Bag Essentials | N13: Sports Mom Bag Essentials: Card-Size Emergency Rain Ponchos + 5 More | O13: Sports mom bag essentials: start with the Card-Size Emergency Rain Ponchos, a small item that earns its spot in the sports mom bag. This 6-item sports mom bag adds Folding Wagon Cart, GCI Comfort Pro Rocker Chair, Munchkin Snack Catcher Cups and more, all on Amazon. Also for anyone searching rainy soccer game essentials or game day bag essentials. As an Amazon Associate I earn from qualifying purchases. | P13: Pin graphic for sports mom bag essentials: the Card-Size Emergency Rain Ponchos shown with Folding Wagon Cart, GCI Comfort Pro Rocker Chair, Munchkin Snack Catcher Cups, a 6-item sports mom bag from Sideline Ready. | Q13: Sports Mom Bag Essentials: The 6-Item Sports Mom Bag Built Around the Card-Size Emergency Rain Ponchos | R13: sports-mom-bag-essentials-card-size-emergency-rain | S13: Folding Wagon Cart (220 lb) ($39.99) | GCI Comfort Pro Rocker Chair ($75.00) | Munchkin Snack Catcher Cups (2 pack) ($5.99) | Waterproof Outdoor Blanket (80x80) ($23.99) | Soleilwear Women's Heated Vest ($78.99) | T13: 6 | U13: 233.95 | V13: B0DSP85F1P | W13: https://www.amazon.com/dp/B0DSP85F1P?tag=screenfreet0f-20 | X13: https://www.amazon.com/gp/aws/cart/add.html?AssociateTag=screenfreet0f-20&ASIN.1=B0DSP85F1P&Quantity.1=1&ASIN.2=B0DHRHL3XD&Quantity.2=1&ASIN.3=B097C3NP57&Quantity.3=1&ASIN.4=B01GKZNWTO&Quantity.4=1&ASIN.5=B0F4DBP354&Quantity.5=1&ASIN.6=B0H8PN7VCP&Quantity.6=1 | Y13: Oct 30 list
... A366: 365 | B366: 2027-11-30 | C366: Nov 2027 | D366: Winter | E366: HotHands Variety Pack (hand, toe, body) | F366: 11.99 | G366: 4.8 | H366: 12.6K | I366: 10K+ | J366: cold football game essentials | K366: hockey mom essentials | L366: winter football game essentials | M366: Cold Football Game Essentials | N366: Cold Football Game Essentials: HotHands Variety Pack + 5 More | O366: Cold football game essentials: start with the HotHands Variety Pack, so you stay warm from kickoff to the final whistle on cold bleachers. This 6-item cold game day kit adds Vapor Fresh Sports Gear, Mr. Heater Portable Buddy, Clear Stadium Crossbody Purse and more, all on Amazon. Also for anyone searching hockey mom essentials or winter football game essentials. As an Amazon Associate I earn from qualifying purchases. | P366: Pin graphic for cold football game essentials: the HotHands Variety Pack shown with Vapor Fresh Sports Gear, Mr. Heater Portable Buddy, Clear Stadium Crossbody Purse, a 6-item cold game day kit from Sideline Ready. | Q366: Cold Football Game Essentials: The 6-Item Cold Game Day Kit Built Around the HotHands Variety Pack | R366: cold-football-game-essentials-hothands-variety-pack | S366: Vapor Fresh Sports Gear Deodorizer Spray ($14.99) | Mr. Heater Portable Buddy Propane Heater ($89.97) | Clear Stadium Crossbody Purse ($9.99) | BAGAIL Clear Stadium Bag ($8.99) | CACOE Phone Lanyard (2 pack) ($8.99) | T366: 6 | U366: 144.92 | V366: B004R1J464 | W366: https://www.amazon.com/dp/B004R1J464?tag=screenfreet0f-20 | X366: https://www.amazon.com/gp/aws/cart/add.html?AssociateTag=screenfreet0f-20&ASIN.1=B004R1J464&Quantity.1=1&ASIN.2=B005ECO9XI&Quantity.2=1&ASIN.3=B002G51BZU&Quantity.3=1&ASIN.4=B07TDL22NF&Quantity.4=1&ASIN.5=B01NAJELJ3&Quantity.5=1&ASIN.6=B09WMG2GPM&Quantity.6=1 | Y366: Oct 30 list

Sheet All Products
A1: Product | B1: Price | C1: Stars | D1: Ratings | E1: Bought last month | F1: Best season | G1: Pinterest board | H1: Pinterest search phrase | I1: More phrases | J1: Anchor day # | K1: ASIN | L1: Affiliate link | M1: Source
A2: Silverback In-Ground Adjustable Basketball Hoop | B2: 1199.95 | C2: 4.5 | D2: 1.5K | E2: 100+ | F2: Year-round | G2: Backyard Sports Training Equipment | H2: backyard basketball court | I2: backyard basketball half court; backyard basketball court ideas diy | J2: 242 | K2: B096T5DNS8 | L2: https://www.amazon.com/dp/B096T5DNS8?tag=screenfreet0f-20 | M2: New (365 build)
A3: Spalding Momentous Portable Basketball Hoop | B3: 622.99 | C3: 4.5 | D3: 103 | E3: 200+ | F3: Nov-Feb | G3: Backyard Sports Training Equipment | H3: backyard basketball court ideas | I3: backyard basketball hoop; christmas basketball gifts | J3: 1 | K3: B0BYFBT9LK | L3: https://www.amazon.com/dp/B0BYFBT9LK?tag=screenfreet0f-20 | M3: New (365 build)
A4: BowFlex SelectTech Adjustable Dumbbells | B4: 399.99 | C4: 4.8 | D4: 334 | E4: 3K+ | F4: Nov-Feb | G4: Backyard Sports Training Equipment | H4: garage gym setup | I4: home gym for teens; sports dad gift ideas | J4: 5 | K4: B0FRNG2N5H | L4: https://www.amazon.com/dp/B0FRNG2N5H?tag=screenfreet0f-20 | M4: New (365 build)
A5: QuickPlay GS Trainer 3-in-1 Goal & Rebounder | B5: 249.99 | C5: 4.6 | D5: 86 | E5: 200+ | F5: Nov-Feb | G5: Backyard Sports Training Equipment | H5: backyard soccer training area | I5: soccer christmas gifts boys; training equipment for soccer | J5: 14 | K5: B0DKY43YRH | L5: https://www.amazon.com/dp/B0DKY43YRH?tag=screenfreet0f-20 | M5: New (365 build)
A6: Volleyball Training Net with Adjustable Height | B6: 249.95 | C6: 4.6 | D6: 220 | E6: 500+ | F6: Nov-Feb | G6: Backyard Sports Training Equipment | H6: best volleyball training equipment | I6: volleyball player christmas gifts; gifts for girls who play volleyball | J6: 17 | K6: B0CB77DBZX | L6: https://www.amazon.com/dp/B0CB77DBZX?tag=screenfreet0f-20 | M6: New (365 build)
A7: Louisville Slugger Black Flame Pitching Machine | B7: 215.79 | C7: 4.5 | D7: 1.4K | E7: 100+ | F7: Year-round | G7: Backyard Sports Training Equipment | H7: pitching machines | I7: softball gifts for players; christmas gifts softball | J7: 258 | K7: B00GOEZRQS | L7: https://www.amazon.com/dp/B00GOEZRQS?tag=screenfreet0f-20 | M7: New (365 build)
A8: Easton Black Magic 3.0 Youth Catcher's Gear Set | B8: 170.29 | C8: 4.4 | D8: 222 | E8: 300+ | F8: Mar-Aug | G8: Backyard Sports Training Equipment | H8: catchers gear baseball | I8: catchers gear bag; baseball christmas gifts for players | J8: 137 | K8: B0FPRNGYJ2 | L8: https://www.amazon.com/dp/B0FPRNGYJ2?tag=screenfreet0f-20 | M8: New (365 build)
A9: QuickPlay RXTR Pro Soccer Rebounder Board | B9: 169.99 | C9: 4.6 | D9: 108 | E9: 100+ | F9: Nov-Feb | G9: Backyard Sports Training Equipment | H9: soccer training equipment list | I9: soccer gifts for teen boys; gifts for a girl soccer player | J9: 20 | K9: B0F9Q7LJWG | L9: https://www.amazon.com/dp/B0F9Q7LJWG?tag=screenfreet0f-20 | M9: New (365 build)
A10: Portable Basketball Hoop 5.6-10 ft | B10: 159.99 | C10: 4.5 | D10: 1.2K | E10: 1K+ | F10: Nov-Feb | G10: Backyard Sports Training Equipment | H10: backyard basketball hoop ideas | I10: basketball boy christmas gifts; gifts for boys basketball | J10: 28 | K10: B0GJRYPQ3D | L10: https://www.amazon.com/dp/B0GJRYPQ3D?tag=screenfreet0f-20 | M10: New (365 build)
A11: SKLZ Hurricane Swing Trainer | B11: 149.99 | C11: 4.7 | D11: 5.1K | E11: 600+ | F11: Year-round | G11: Backyard Sports Training Equipment | H11: baseball gifts for players | I11: softball gifts for players; baseball christmas gifts for players | J11: 218 | K11: B002MA7Y1Y | L11: https://www.amazon.com/dp/B002MA7Y1Y?tag=screenfreet0f-20 | M11: New (365 build)
A12: Portable Batting Cage 22 x 12 x 8 ft | B12: 149.99 | C12: 4.4 | D12: 40 | E12: 100+ | F12: Mar-Aug | G12: Backyard Sports Training Equipment | H12: batting cage backyard | I12: batting cage ideas; batting cages | J12: 157 | K12: B0FCVQMD22 | L12: https://www.amazon.com/dp/B0FCVQMD22?tag=screenfreet0f-20 | M12: New (365 build)
A13: Adjustable Gymnastics Horizontal Bar | B13: 144.99 | C13: 4.6 | D13: 408 | E13: 500+ | F13: Nov-Feb | G13: Backyard Sports Training Equipment | H13: gymnastics equipment for home | I13: gymnastics gifts ideas kids; kip bars | J13: 37 | K13: B0CQWWWHSC | L13: https://www.amazon.com/dp/B0CQWWWHSC?tag=screenfreet0f-20 | M13: New (365 build)
... A366: Clear Drawstring Shoe Bags (5 pack) | B366: 5.99 | C366: 4.5 | D366: 4.9K | E366: 10K+ | F366: Year-round | G366: Travel Ball & Tournament Must Haves | H366: cleat bag | I366: travel baseball packing hacks; sports bag organization | J366: 241 | K366: B0C6X2VP9R | L366: https://www.amazon.com/dp/B0C6X2VP9R?tag=screenfreet0f-20 | M366: Oct 30 list

Sheet New Boards
A1: Board name (create in Pinterest) | B1: Board description
A2: Backyard Sports Training Equipment | B2: Backyard sports training equipment for young athletes: pitching machines, batting cages, hitting nets, batting tees, basketball hoops, soccer goals, rebounders and volleyball training equipment at home. Contains affiliate links.
A3: Teen Athlete Meals, Snacks & Meal Prep | B3: Teen athlete meals, teen athlete snacks, athlete meal prep and travel ball food ideas: blenders, shaker bottles, lunch boxes, meal prep containers and grab-and-go snacks for busy sports families. Contains affiliate links.
A4: Sports Equipment Storage & Garage Organization | B4: Sports equipment storage ideas for the garage, mudroom and car: ball storage racks, garage sports organization, trunk organizers and sports bag storage. Contains affiliate links.

Sheet Summary
A1: Summary
A3: Days planned | B3: =COUNTA('365-Day Plan'!A2:A400) -> 365
A4: Unique anchor products | B4: =SUMPRODUCT(1/COUNTIF('365-Day Plan'!V2:V366,'365-Day Plan'!V2:V366)) -> 365
A5: Smallest cart ($) | B5: =MIN('365-Day Plan'!U2:U366) -> 100.9
A6: Average cart ($) | B6: =AVERAGE('365-Day Plan'!U2:U366) -> 400.76559
A7: Largest cart ($) | B7: =MAX('365-Day Plan'!U2:U366) -> 1737.96
A8: Carts of $100 or more | B8: =COUNTIF('365-Day Plan'!U2:U366,">=100") -> 365
A9: Anchors priced $100+ | B9: =COUNTIF('365-Day Plan'!F2:F366,">=100") -> 95
A12: Posts per board
A13: Board | B13: Posts
A14: Backyard Sports Training Equipment | B14: =COUNTIF('365-Day Plan'!M:M,A14) -> 47
A15: Coach Gifts & Team Mom Ideas | B15: =COUNTIF('365-Day Plan'!M:M,A15) -> 43
A16: Cold Football Game Essentials | B16: =COUNTIF('365-Day Plan'!M:M,A16) -> 34
A17: Game Day Bags & Stadium Bags | B17: =COUNTIF('365-Day Plan'!M:M,A17) -> 16
A18: Hot Weather Sideline Essentials | B18: =COUNTIF('365-Day Plan'!M:M,A18) -> 28
A19: Sports Dad Essentials & Gifts | B19: =COUNTIF('365-Day Plan'!M:M,A19) -> 22
A20: Sports Equipment Storage & Garage Organization | B20: =COUNTIF('365-Day Plan'!M:M,A20) -> 8
A21: Sports Mom Gifts & Gift Baskets | B21: =COUNTIF('365-Day Plan'!M:M,A21) -> 44
A22: Sports Mom Must Haves & Bag Essentials | B22: =COUNTIF('365-Day Plan'!M:M,A22) -> 48
A23: Sports Wagon Ideas & Accessories | B23: =COUNTIF('365-Day Plan'!M:M,A23) -> 13
A24: Stadium Seats & Bleacher Comfort | B24: =COUNTIF('365-Day Plan'!M:M,A24) -> 16
A25: Teen Athlete Meals, Snacks & Meal Prep | B25: =COUNTIF('365-Day Plan'!M:M,A25) -> 16
A26: Travel Ball & Tournament Must Haves | B26: =COUNTIF('365-Day Plan'!M:M,A26) -> 30
A27: Total | B27: =SUM(B14:B26) -> 365
A29: Posts per month
A30: Dec 2026 | B30: =COUNTIF('365-Day Plan'!C:C,A30) -> 31
A31: Jan 2027 | B31: =COUNTIF('365-Day Plan'!C:C,A31) -> 31
A32: Feb 2027 | B32: =COUNTIF('365-Day Plan'!C:C,A32) -> 28
A33: Mar 2027 | B33: =COUNTIF('365-Day Plan'!C:C,A33) -> 31
A34: Apr 2027 | B34: =COUNTIF('365-Day Plan'!C:C,A34) -> 30
A35: May 2027 | B35: =COUNTIF('365-Day Plan'!C:C,A35) -> 31
A36: Jun 2027 | B36: =COUNTIF('365-Day Plan'!C:C,A36) -> 30
A37: Jul 2027 | B37: =COUNTIF('365-Day Plan'!C:C,A37) -> 31
A38: Aug 2027 | B38: =COUNTIF('365-Day Plan'!C:C,A38) -> 31
A39: Sep 2027 | B39: =COUNTIF('365-Day Plan'!C:C,A39) -> 30
A40: Oct 2027 | B40: =COUNTIF('365-Day Plan'!C:C,A40) -> 31
A41: Nov 2027 | B41: =COUNTIF('365-Day Plan'!C:C,A41) -> 30
